"origin","dress"
"condition","rear"
"dull","detail"
"flight","importance"
"newspaper","lonely"
"carefully","win"
"point","unhappy"
"left","sugar"
"be","slightly"
"gently","parent"
"kind","hollow"
"elephant","powerful"
"generally","building"
"smell","present"
"skin","party"
"adult","vast"
"stick","smoke"
"egg","bell"
"silly","foot"
"boy","joined"
"sit","did"
"darkness","fireplace"
"meal","sentence"
"empty","car"
"straight","basis"
"pool","settle"
"cookies","sold"
"drawn","getting"
"potatoes","available"
"highest","me"
"alphabet","younger"
"gradually","fact"
"wrapped","differ"
"silly","phrase"
"wide","hole"
"smell","freedom"
"later","couple"
"to","buy"
"sense","blind"
"ranch","affect"
"object","just"
"simply","asleep"
"high","mine"
"flow","sometime"
"stick","dig"
"organized","ear"
"hunter","know"
"cell","behind"
"allow","eleven"
"wheat","lake"
"finger","congress"
"notice","agree"
"rocky","ought"
"union","count"
"spite","explanation"
"hungry","classroom"
"breathing","joy"
"express","disease"
"popular","branch"
"red","expect"
"sing","fear"
"corn","pink"
"edge","including"
"log","organization"
"therefore","tropical"
"slowly","scene"
"develop","wild"
"real","favorite"
"pull","wise"
"finger","toy"
"birth","importance"
"in","rhythm"
"slowly","bank"
"salmon","game"
"higher","send"
"accident","highest"
"accurate","ten"
"soap","company"
"car","agree"
"leather","solve"
"extra","drove"
"pan","figure"
"children","table"
"only","harder"
"garage","rhythm"
"glass","week"
"mine","crew"
"scientist","agree"
"surrounded","flight"
"stuck","parent"
"also","pull"
"helpful","mixture"
"join","composed"
"sure","rough"
"force","sheet"
"excellent","before"
"pencil","smile"
"poet","full"
"crew","ate"
"desk","wore"
"tree","list"
"sing","book"
"is","waste"
"wagon","began"
"addition","refused"
"neighborhood","primitive"
"middle","age"
"high","stay"
"duty","smaller"
"none","production"
"help","follow"
"tent","division"
"pen","forward"
"island","string"
"individual","boy"
"congress","longer"
"replied","onto"
"write","development"
"close","year"
"began","boat"
"is","realize"
"mood","recent"
"who","indicate"
"night","simply"
"stranger","donkey"
"fallen","rise"
"colony","ought"
"past","construction"
"equally","part"
"who","ear"
"damage","smooth"
"reason","fish"
"twenty","hardly"
"tears","discovery"
"after","among"
"twice","stop"
"per","energy"
"throw","shirt"
"chance","main"
"egg","imagine"
"spread","knew"
"education","corn"
"brush","flat"
"discussion","solve"
"letter","child"
"origin","while"
"broad","song"
"matter","worry"
"railroad","blanket"
"easier","experience"
"differ","pole"
"visitor","everybody"
"at","worth"
"five","grass"
"mouse","political"
"somewhere","nor"
"wear","safety"
"directly","careful"
"equal","fun"
"paid","compound"
"allow","none"
"inside","leaf"
"lift","pride"
"according","step"
"smooth","serious"
"famous","roar"
"writing","noted"
"create","bit"
"curious","sister"
"cup","man"
"were","farther"
"steep","affect"
"met","needle"
"lonely","dollar"
"somewhere","smallest"
"rose","hour"
"rod","during"
"exact","suggest"
"copper","result"
"easy","partly"
"visit","has"
"mail","job"
"location","burst"
"anybody","copy"
"dollar","regular"
"other","wish"
"lunch","evidence"
"combine","slipped"
"arrive","shade"
"wet","jack"
"progress","impossible"
"cause","tired"
"completely","spent"
"grade","yard"
"change","inch"
"news","eleven"
"select","pressure"
"done","run"
"plastic","young"
"world","throughout"
"capital","cow"
"rest","store"
"complete","offer"
"push","deer"
"flies","matter"
"hung","mind"
"broken","relationship"
"peace","spent"
"fighting","took"
"nearly","yesterday"
"surrounded","eaten"
"hunter","jack"
"wealth","east"
"dried","correct"
"mix","begun"
"congress","school"
"someone","surrounded"
"ago","object"
"leather","speech"
"folks","three"
"unknown","habit"
"because","good"
"detail","see"
"replace","airplane"
"nice","unknown"
"day","pile"
"principal","come"
"money","citizen"
"before","wild"
"doing","mix"
"read","differ"
"pair","doll"
"palace","somewhere"
"medicine","bridge"
"doing","race"
"planned","eleven"
"poetry","effect"
"dried","human"
"date","trunk"
"experiment","selection"
"congress","consonant"
"having","fewer"
"medicine","general"
"were","fine"
"heading","drove"
"weigh","private"
"choice","society"
"term","finish"
"missing","rough"
"explore","certainly"
"dear","flight"
"factor","condition"
"smallest","dot"
"exciting","recent"
"for","attempt"
"statement","indeed"
"ranch","atmosphere"
"worth","indeed"
"vowel","thread"
"southern","hurry"
"form","base"
"behavior","social"
"serious","book"
"dried","blew"
"generally","major"
"done","newspaper"
"tower","industrial"
"capital","uncle"
"fence","sit"
"average","avoid"
"enough","surprise"
"making","fair"
"worth","which"
"cup","library"
"together","blue"
"watch","chamber"
"breath","heard"
"game","check"
"composed","ball"
"including","cage"
"too","slight"
"respect","willing"
"beginning","first"
"herself","fair"
"automobile","return"
"smooth","just"
"took","even"
"person","standard"
"gate","southern"
"thou","expression"
"try","stretch"
"does","first"
"symbol","wonderful"
"taken","struggle"
"wheat","cowboy"
"grow","shells"
"feathers","exactly"
"allow","they"
"molecular","ate"
"slope","triangle"
"any","adult"
"only","size"
"shine","beginning"
"properly","grown"
"ago","bee"
"effort","they"
"hall","orange"
"slide","would"
"simply","rear"
"nobody","cutting"
"local","saw"
"build","direct"
"train","shelf"
"foot","full"
"mind","whether"
"solid","scale"
"manufacturing","actually"
"camera","upon"
"trail","tell"
"quick","join"
"fine","pass"
"late","taken"
"after","managed"
"claws","including"
"yellow","general"
"trick","honor"
"higher","how"
"laugh","failed"
"melted","truck"
"or","piano"
"layers","pig"
"for","ship"
"valuable","sport"
"meal","smell"
"become","greatest"
"wet","fence"
"atmosphere","aware"
"scale","action"
"driven","interest"
"handsome","grandfather"
"expression","support"
"smell","bus"
"mind","community"
"fellow","jet"
"hide","fix"
"needed","felt"
"huge","life"
"extra","composed"
"political","slope"
"kind","stranger"
"skill","group"
"earlier","length"
"bit","gasoline"
"keep","charge"
"hello","invented"
"shore","worse"
"straw","quiet"
"beside","characteristic"
"rich","factory"
"that","happen"
"guard","dream"
"offer","develop"
"doing","element"
"buffalo","club"
"wait","grown"
"breathing","fill"
"dug","fighting"
"stepped","out"
"interior","wash"
"determine","rise"
"trap","many"
"sit","more"
"handsome","arrange"
"needed","public"
"jump","paid"
"suddenly","voice"
"wagon","son"
"universe","someone"
"press","bell"
"fifty","diameter"
"highest","bus"
"sold","develop"
"order","shape"
"complete","opinion"
"require","cabin"
"play","fog"
"went","directly"
"colony","dawn"
"tank","familiar"
"softly","traffic"
"mud","labor"
"stomach","history"
"night","best"
"mission","success"
"missing","customs"
"heavy","hot"
"add","queen"
"done","young"
"given","eye"
"division","law"
"year","simply"
"follow","mistake"
"fill","merely"
"fuel","list"
"aid","finest"
"ready","change"
"night","interest"
"rush","center"
"food","history"
"week","heavy"
"rhyme","fog"
"am","slowly"
"industrial","themselves"
"deal","customs"
"mental","alike"
"salmon","sink"
"tank","quick"
"again","plain"
"can","plenty"
"judge","useful"
"piano","wealth"
"memory","whispered"
"out","mother"
"barn","speak"
"arrive","war"
"brave","material"
"equally","taught"
"animal","silly"
"white","thou"
"arrangement","grass"
"freedom","determine"
"imagine","indicate"
"main","off"
"setting","slowly"
"task","happened"
"bridge","unusual"
"it","stronger"
"instrument","height"
"straight","oxygen"
"direction","terrible"
"rice","dress"
"after","thy"
"soldier","dropped"
"gone","pay"
"film","essential"
"completely","visitor"
"union","far"
"brave","carried"
"blind","increase"
"actual","tone"
"alike","birds"
"perfectly","met"
"silk","watch"
"liquid","fellow"
"citizen","stronger"
"spread","win"
"split","verb"
"nodded","foot"
"arrive","product"
"death","dozen"
"scientific","ground"
"reader","magic"
"funny","planet"
"lack","hole"
"former","additional"
"information","law"
"orbit","force"
"noted","fur"
"offer","noted"
"apart","trade"
"somewhere","standard"
"charge","mistake"
"plain","ants"
"rock","build"
"cream","steel"
"leaving","dress"
"pack","noted"
"hard","stop"
"shirt","became"
"still","worth"
"enjoy","fierce"
"current","fog"
"serve","apartment"
"pretty","animal"
"quarter","hello"
"chapter","usually"
"ice","consist"
"star","sudden"
"met","duty"
"earn","pine"
"railroad","slope"
"difference","canal"
"finally","appearance"
"thou","sport"
"heart","six"
"larger","teacher"
"end","double"
"screen","depend"
"electric","one"
"climb","light"
"supply","experience"
"badly","location"
"club","maybe"
"from","hair"
"information","further"
"bound","slowly"
"favorite","real"
"supply","meant"
"out","be"
"several","group"
"loud","vessels"
"simple","ride"
"party","mostly"
"over","ranch"
"proper","week"
"idea","shinning"
"degree","farmer"
"danger","yourself"
"repeat","apartment"
"steel","please"
"pull","suggest"
"pleasure","concerned"
"previous","scientist"
"social","loose"
"college","difficulty"
"difficulty","process"
"station","pocket"
"children","broad"
"rod","crew"
"country","instead"
"main","boy"
"ate","tape"
"nine","television"
"consonant","recall"
"alphabet","dot"
"route","later"
"prepare","develop"
"cover","jungle"
"farm","neighborhood"
"day","conversation"
"favorite","ourselves"
"plate","old"
"promised","burn"
"larger","coal"
"evening","equally"
"organization","through"
"behavior","half"
"avoid","box"
"shorter","although"
"coast","minute"
"thee","black"
"lungs","pole"
"else","smell"
"could","without"
"many","heading"
"becoming","street"
"first","effect"
"court","angle"
"mother","share"
"arrange","military"
"happened","available"
"further","return"
"sent","wonder"
"somewhere","play"
"compound","here"
"principal","arrange"
"success","thrown"
"audience","lonely"
"yourself","route"
"correct","invented"
"opportunity","common"
"lungs","brief"
"central","serious"
"strange","pressure"
"rocky","forward"
"courage","labor"
"oil","trouble"
"mountain","raise"
"take","original"
"leather","felt"
"page","yellow"
"refer","finally"
"fourth","continued"
"quarter","crew"
"actually","race"
"airplane","spirit"
"cent","tongue"
"dry","sky"
"symbol","principle"
"ground","attempt"
"search","vote"
"engine","clay"
"tightly","express"
"said","heat"
"hat","changing"
"is","excellent"
"flies","step"
"frog","funny"
"interior","proud"
"opposite","swung"
"remarkable","captain"
"identity","known"
"pattern","as"
"breeze","various"
"plant","danger"
"adult","end"
"foot","ought"
"lost","therefore"
"condition","fine"
"affect","slipped"
"industry","sum"
"pretty","naturally"
"strange","find"
"fix","dirty"
"lack","truck"
"putting","fierce"
"speak","pony"
"being","vast"
"darkness","opposite"
"recently","something"
"equally","steep"
"action","represent"
"child","gradually"
"end","separate"
"related","rate"
"directly","at"
"nature","mud"
"certainly","herself"
"single","pine"
"angry","quick"
"improve","kept"
"period","silly"
"period","hidden"
"freedom","forth"
"slow","castle"
"forgot","religious"
"saved","real"
"with","evidence"
"announced","duck"
"adventure","community"
"bare","exciting"
"forgotten","skin"
"vast","since"
"community","once"
"skin","her"
"kill","birds"
"organized","pack"
"applied","cold"
"leaf","pretty"
"together","structure"
"pass","at"
"listen","several"
"major","source"
"examine","half"
"report","shore"
"moon","but"
"mill","daughter"
"manner","average"
"burn","walk"
"beginning","appropriate"
"tower","valley"
"aid","camp"
"unhappy","fear"
"silver","especially"
"gate","gentle"
"mad","gray"
"lamp","orbit"
"two","language"
"store","there"
"wore","pale"
"pitch","climate"
"between","thou"
"sail","wise"
"his","desk"
"harbor","after"
"goose","unusual"
"race","mouse"
"room","his"
"saw","particles"
"supply","house"
"therefore","sound"
"leader","slowly"
"am","guide"
"pressure","did"
"dawn","doing"
"coming","company"
"least","within"
"daughter","running"
"strong","one"
"solar","completely"
"stock","solve"
"speak","captured"
"rest","cell"
"knowledge","proper"
"tape","story"
"tie","entire"
"range","close"
"noise","indeed"
"mistake","mental"
"brush","opinion"
"block","affect"
"system","sort"
"taken","symbol"
"aloud","tongue"
"location","bottle"
"steady","front"
"therefore","anywhere"
"upon","exist"
"shake","empty"
"memory","lift"
"careful","silence"
"piano","about"
"brown","adventure"
"very","four"
"at","selection"
"silver","fell"
"top","dead"
"various","worse"
"brain","terrible"
"arm","coming"
"never","lungs"
"twice","managed"
"plus","rather"
"clock","worth"
"dirty","refer"
"clearly","house"
"fourth","plural"
"sweet","connected"
"ago","fell"
"fully","us"
"weak","strange"
"lips","express"
"clay","colony"
"separate","asleep"
"tide","aloud"
"exercise","west"
"kitchen","primitive"
"alphabet","ahead"
"hollow","part"
"quite","foot"
"anywhere","limited"
"lie","track"
"neighborhood","sum"
"happily","biggest"
"has","twelve"
"hole","captain"
"early","act"
"piece","feet"
"pond","library"
"hungry","generally"
"star","production"
"citizen","balloon"
"circus","tube"
"themselves","buffalo"
"wife","fought"
"dress","ranch"
"saw","origin"
"far","former"
"sure","honor"
"thread","partly"
"ever","spirit"
"making","plane"
"symbol","trip"
"sand","happen"
"plant","chair"
"lie","medicine"
"equal","teeth"
"while","habit"
"was","verb"
"because","case"
"dawn","our"
"fill","worth"
"close","lunch"
"earlier","blue"
"skill","actual"
"farther","present"
"next","sent"
"jack","breath"
"hidden","jet"
"eight","anywhere"
"beauty","ball"
"farmer","fun"
"section","ocean"
"essential","guard"
"level","rather"
"kind","example"
"plan","before"
"college","telephone"
"sugar","slope"
"should","between"
"drink","actually"
"split","model"
"pan","band"
"lady","plus"
"else","weight"
"tribe","eight"
"differ","birthday"
"club","you"
"layers","man"
"general","body"
"grass","satisfied"
"food","constantly"
"section","friendly"
"climb","fun"
"eleven","dirt"
"mirror","deer"
"slightly","gravity"
"explore","remain"
"machinery","cold"
"involved","angry"
"shelf","everyone"
"introduced","wear"
"house","write"
"barn","last"
"suggest","agree"
"composed","under"
"almost","other"
"short","heavy"
"relationship","rule"
"essential","running"
"driver","air"
"immediately","famous"
"snake","manner"
"powder","feature"
"dance","cutting"
"applied","frame"
"enter","transportation"
"burn","begun"
"exchange","famous"
"table","state"
"familiar","flew"
"glad","small"
"earn","bent"
"see","machinery"
"composition","principle"
"upward","charge"
"parent","fix"
"comfortable","ever"
"mighty","except"
"applied","there"
"ran","harder"
"follow","saved"
"call","coming"
"lady","by"
"fox","music"
"fact","parent"
"lay","swept"
"play","per"
"women","seat"
"dish","or"
"suggest","disappear"
"safe","piece"
"tiny","anything"
"cut","better"
"stopped","taught"
"lake","tight"
"labor","heat"
"tight","bound"
"excitement","opposite"
"nearby","lake"
"yes","cool"
"weight","statement"
"outline","egg"
"cold","courage"
"verb","torn"
"maybe","particles"
"everybody","good"
"hearing","soon"
"bad","within"
"making","tropical"
"bread","ought"
"line","wear"
"surprise","live"
"require","able"
"distance","solution"
"slightly","noon"
"plural","class"
"news","fastened"
"place","previous"
"case","band"
"result","attention"
"off","some"
"hello","discussion"
"can","hill"
"average","pond"
"whom","loose"
"frog","thought"
"barn","which"
"married","magic"
"wrapped","accurate"
"state","band"
"solid","full"
"sang","describe"
"interior","use"
"have","object"
"suit","frame"
"silent","unit"
"popular","rice"
"kill","tone"
"important","hit"
"away","write"
"rising","bush"
"primitive","think"
"slip","bow"
"attempt","barn"
"once","by"
"slight","dear"
"keep","officer"
"production","home"
"castle","stepped"
"sing","anyone"
"lie","pour"
"stream","fierce"
"add","today"
"giant","up"
"rule","left"
"dawn","measure"
"label","hurt"
"while","kill"
"door","diagram"
"both","blew"
"mark","library"
"your","pour"
"neck","aside"
"change","create"
"thread","element"
"fourth","tropical"
"art","board"
"finger","unusual"
"bowl","continued"
"rich","applied"
"useful","tears"
"closely","does"
"bent","began"
"section","soldier"
"member","spring"
"by","coast"
"north","get"
"thee","gently"
"huge","quiet"
"busy","country"
"higher","reason"
"spoken","local"
"waste","represent"
"correctly","difficulty"
"with","space"
"shout","seen"
"many","root"
"make","fur"
"research","differ"
"doctor","blanket"
"bank","extra"
"rays","curious"
"attached","grow"
"condition","music"
"ball","cowboy"
"pupil","meat"
"clock","cloud"
"copper","task"
"vote","year"
"art","forth"
"eight","lot"
"went","magnet"
"stronger","pressure"
"determine","understanding"
"form","distance"
"onlinetools","breakfast"
"including","heat"
"passage","both"
"hope","year"
"potatoes","rather"
"please","drive"
"frighten","earth"
"species","musical"
"plural","bicycle"
"practice","taught"
"duty","simplest"
"art","mountain"
"temperature","income"
"touch","decide"
"opportunity","dot"
"copy","ask"
"single","citizen"
"range","eager"
"article","using"
"person","season"
"brave","got"
"felt","damage"
"but","tent"
"occasionally","natural"
"subject","hit"
"follow","section"
"hit","maybe"
"object","buy"
"closely","small"
"sold","stone"
"swung","company"
"effect","clay"
"stop","dog"
"porch","explanation"
"lower","fewer"
